
USE Build_Store;


CREATE TABLE Kategorie (
    kategoria_id INT AUTO_INCREMENT PRIMARY KEY,
    nazwa_kategorii VARCHAR(100) NOT NULL,
    opis TEXT
);


CREATE TABLE Dostawcy (
    dostawca_id INT AUTO_INCREMENT PRIMARY KEY,
    nazwa_dostawcy VARCHAR(100) NOT NULL,
    osoba_kontaktowa VARCHAR(50),
    numer_telefonu VARCHAR(15),
    email VARCHAR(100),
    adres TEXT
);


CREATE TABLE Produkty (
    produkt_id INT AUTO_INCREMENT PRIMARY KEY,
    nazwa_produktu VARCHAR(100) NOT NULL,
    kategoria_id INT,
    dostawca_id INT,
    cena DECIMAL(10, 2) NOT NULL,
    ilosc_w_magazynie INT,
    opis TEXT,
    FOREIGN KEY (kategoria_id) REFERENCES Kategorie(kategoria_id) ON DELETE SET NULL,
    FOREIGN KEY (dostawca_id) REFERENCES Dostawcy(dostawca_id) ON DELETE SET NULL
);


CREATE TABLE Uzytkownicy (
    uzytkownik_id INT AUTO_INCREMENT PRIMARY KEY,
    imie VARCHAR(50) NOT NULL,
    nazwisko VARCHAR(50) NOT NULL,
    email VARCHAR(100) UNIQUE NOT NULL,
    login VARCHAR(50) UNIQUE NOT NULL,
    haslo VARCHAR(255) NOT NULL,
    numer_telefonu VARCHAR(15),
    adres TEXT,
    rola VARCHAR(50) NOT NULL DEFAULT 'klient'
);


CREATE TABLE Opinie_Produktow (
    opinia_id INT AUTO_INCREMENT PRIMARY KEY,
    produkt_id INT NOT NULL,
    uzytkownik_id INT NOT NULL,
    ocena INT CHECK (ocena BETWEEN 1 AND 5),
    tresc_opinii TEXT,
    data_opinii DATE NOT NULL,
    FOREIGN KEY (produkt_id) REFERENCES Produkty(produkt_id) ON DELETE CASCADE,
    FOREIGN KEY (uzytkownik_id) REFERENCES Uzytkownicy(uzytkownik_id) ON DELETE CASCADE
);


CREATE TABLE Zamowienia (
    zamowienie_id INT AUTO_INCREMENT PRIMARY KEY,
    uzytkownik_id INT,
	odbiorca_imie VARCHAR(50),
	odbiorca_nazwisko VARCHAR(50),
	odbiorca_email VARCHAR(100),
	adres TEXT,
    data_zamowienia DATE NOT NULL,
    status VARCHAR(50) NOT NULL,
    FOREIGN KEY (uzytkownik_id) REFERENCES Uzytkownicy(uzytkownik_id) ON DELETE CASCADE
);


CREATE TABLE Pozycje_Zamowien (
    pozycja_id INT AUTO_INCREMENT PRIMARY KEY,
    zamowienie_id INT NOT NULL,
    produkt_id INT NOT NULL,
    ilosc INT NOT NULL,
    cena_za_sztuke DECIMAL(10, 2) NOT NULL,
    FOREIGN KEY (zamowienie_id) REFERENCES Zamowienia(zamowienie_id) ON DELETE CASCADE,
    FOREIGN KEY (produkt_id) REFERENCES Produkty(produkt_id) ON DELETE CASCADE
);


CREATE TABLE Wynajmy (
    wynajem_id INT AUTO_INCREMENT PRIMARY KEY,
    uzytkownik_id INT NOT NULL,
    data_wynajmu DATE NOT NULL,
    data_zwrotu DATE,
    status VARCHAR(50) NOT NULL,
    FOREIGN KEY (uzytkownik_id) REFERENCES Uzytkownicy(uzytkownik_id) ON DELETE CASCADE
);


CREATE TABLE Pozycje_Wynajmu (
    pozycja_wynajmu_id INT AUTO_INCREMENT PRIMARY KEY,
    wynajem_id INT NOT NULL,
    produkt_id INT NOT NULL,
    ilosc INT NOT NULL,
    stawka_dzienna DECIMAL(10, 2) NOT NULL,
    koszt_calkowity DECIMAL(10, 2) NOT NULL,
    FOREIGN KEY (wynajem_id) REFERENCES Wynajmy(wynajem_id) ON DELETE CASCADE,
    FOREIGN KEY (produkt_id) REFERENCES Produkty(produkt_id) ON DELETE CASCADE
);


CREATE TABLE Transakcje (
    transakcja_id INT AUTO_INCREMENT PRIMARY KEY,
    zamowienie_id INT,
    data_platnosci DATE NOT NULL,
    kwota DECIMAL(10, 2) NOT NULL,
    FOREIGN KEY (zamowienie_id) REFERENCES Zamowienia(zamowienie_id) ON DELETE CASCADE
);



INSERT INTO Uzytkownicy (imie, nazwisko, email, login, haslo, numer_telefonu, adres, rola) VALUES
('admin', 'admin', 'examplemail@g.pl', 'admin', '$2y$10$eao35AcfQ6kLjBv6piRueu6tspT4EhDCun3L0np4oZ2zeTrOJYx3m', 123456789, "55-555, Gdańsk, Example street, 1/2", 'admin'),
('mod', 'mod', 'examplemail2@g.pl', 'mod', '$2y$10$SHdD2vmY/Ml4P296a6xf8ecRyftAGAUcXPAHxcZ/x4vvjwaQmmRFy', 123456789, "55-555, Gdańsk, Example street, 1/2", 'mod'),
('Ewa', 'Wiśniewska', 'ewa.w@example.com', 'user1', '$2y$10$fblzrGEKuujg4Bx5jnT9P.Kw9INqKOkQSWCgu4IvtORvoC6CC7ru6', 123456789, "55-555, Gdańsk, Example street, 2/3", 'user'),
('Piotr', 'Zieliński', 'piotr.z@example.com', 'user2', '$2y$10$fblzrGEKuujg4Bx5jnT9P.Kw9INqKOkQSWCgu4IvtORvoC6CC7ru6', 123456789, "55-555, Gdańsk, Example street, 2/4", 'user'),
('Karolina', 'Kowalczyk', 'karolina.k@example.com', 'user3', '$2y$10$fblzrGEKuujg4Bx5jnT9P.Kw9INqKOkQSWCgu4IvtORvoC6CC7ru6', 123456789, "55-555, Gdańsk, Example street, 4/2", 'user'),
('Tomasz', 'Lis', 'tomasz.l@example.com', 'user4', '$2y$10$fblzrGEKuujg4Bx5jnT9P.Kw9INqKOkQSWCgu4IvtORvoC6CC7ru6', 123456789, "55-555, Gdańsk, Example street, 4/4", 'user');


INSERT INTO Kategorie (nazwa_kategorii, opis) VALUES 
('Budowlanka', 'Materiały i narzędzia budowlane do prac konstrukcyjnych i remontowych.'),
('Elektryka', 'Produkty związane z instalacjami elektrycznymi i oświetleniem.'),
('Sanitarka', 'Wyposażenie sanitarne oraz elementy instalacji wodno-kanalizacyjnych.'),
('Narzędzia', 'Narzędzia ręczne i elektronarzędzia do prac warsztatowych i budowlanych.');


INSERT INTO Dostawcy (nazwa_dostawcy, osoba_kontaktowa, numer_telefonu, email, adres) VALUES
('Budowlanix', 'Jan Kowalski', '123456789', 's22043@pjwstk.edu.pl', 'ul. Budowlana 1, 00-001 Warszawa'),
('Elektrix', 'Anna Nowak', '987654321', 's22043@pjwstk.edu.pl', 'ul. Elektryczna 2, 00-002 Warszawa'),
('Toolix', 'Piotr Wiśniewski', '555666777', 's22043@pjwstk.edu.pl', 'ul. Narzędziowa 3, 00-003 Warszawa'),
('Sanitarix', 'Katarzyna Zielińska', '444333222', 's22043@pjwstk.edu.pl', 'ul. Sanitarna 4, 00-004 Warszawa');


INSERT INTO Produkty (nazwa_produktu, kategoria_id, dostawca_id, cena, ilosc_w_magazynie, opis) VALUES
('Beton B20 (25 kg)', 1, 1, 21.00, 100, 'Beton B20 może przydać się zarówno do drobnych robót betoniarskich, jak i naprawczych. Przy użyciu mieszanki, wykonasz nie tylko elementy małej architektury oraz podłogi, murki bądź podkłady. Beton pozostaje odporny na zmiany temperatury, przez co możesz użyć go nie tylko wewnątrz budynku, ale również wykorzystać do niekonstrukcyjnego naprawienia obiektów, znajdujących się w przydomowym ogrodzie lub na działce. Mieszanka charakteryzuje się bardzo dużą wytrzymałością, dlatego też dana powierzchnia może pozostać w niezmienionym stanie przez lata. Produkt jest dostępny w wydajnym opakowaniu, wystarczającym nawet na kilka zastosowań. Dzięki przechowywaniu w odpowiednich warunkach, beton może zachować swoje oryginalne właściwości na długi czas.'),
('Piasek workowany (25 kg)', 1, 1, 25.00, 100, 'Piasek może być przeznaczony do różnego typu prac budowlanych, remontowych oraz dekoracyjnych. Piasek można użyć na przykład jako naturalny wypełniacz przy wykonywaniu zaprawy murarskiej, tynkarskiej lub do wytworzenia trwałego betonu. Zimą piasek można też wykorzystać bardzo praktycznie do obsypywania oblodzonych powierzchni, dzięki czemu unikniemy przykrych w konsekwencjach wypadków. Dodatkowo z powodzeniem może być użyty również w celach dekoracyjnych. Znakomicie nadaje się on do tworzenia podłoży pod niektóre gatunki roślin lub do wykańczania skansenów i ogrodów. Z jego pomocą stworzysz dzieciom piaskownicę na domowym placu zabaw. Jest on też bardzo dobrą alternatywą na drogie i nienaturalne żwirki do kuwet dla zwierząt.'),
('Gładź szpachlowa (20 kg)', 1, 1, 40.00, 100, 'Gładź szpachlowa jest przeznaczona do użycia wewnątrz pomieszczeń. Została wzbogacona o mikrocząsteczkowe wypełniacze, które wnikają w każdą najmniejszą nierówność. Radzi sobie też z dużymi szczelinami - nie pęka i nie kurczy się, więc można nią pokrywać ubytki nawet do 3 centymetrów głębokości. Nadaje się do wygładzania ścian i sufitów oraz spoinowania płyt gipsowo-kartonowych z taśmą zbrojącą. Pokryje duże i małe chropowatości na powierzchniach otynkowanych oraz wyrówna podłoże z cegły i betonu. Można jej także używać do drewna i materiałów drewnopodobnych. Po nałożeniu i wyschnięciu gładzi uzyskasz idealnie gładką, śnieżnobiałą powierzchnię, przygotowaną pod malowanie lub tapetowanie. Po pokryciu ubytków należy położyć warstwę wygładzającą. Nie trzeba nakładać kolejnej warstwy gotowej gładzi, ponieważ powierzchnia jest już gładka.'),
('Płyta gipsowo-kartonowa zwykła 1200 x 2600 x 12,5 mm GKB', 1, 1, 60.00, 100, 'Płyta gipsowa jest produktem, który doskonale sprawdza się podczas prac remontowo-budowlanych. Użycie jej pozwoli Ci na skonstruowanie ścianek działowych, podwieszanych sufitów czy obudowy poddaszy. Materiał stanowi alternatywę dla tynku tradycyjnego, a jego montaż jest łatwy i nie wiąże się z potrzebą wykonywania prawie żadnych mokrych prac. Płytę możesz mocować na klej lub montować na stelażu. Jest wyjątkowa plastyczna, co umożliwia tworzenie najrozmaitszych kształtów, na przykład powierzchni łukowych. Płyta kartonowo-gipsowa jest produktem nietrudnym w obróbce – możesz ją przycinać zwykłym nożem, by ukryć wszelkie nierówności i wady ścian oraz przewody elektryczne. W naszym asortymencie znajdziesz płyty w różnych rozmiarach, co zapewnia Ci wybór produktu optymalnego do Twoich potrzeb.'),
('Cegła ceramiczna pełna klasa 50', 1, 1, 2.00, 100, 'Cegła ceramiczna jest produktem, który wykorzystasz w szeroko pojętych pracach budowlanych. Jest naturalnym i ekologicznym materiałem, powstałym na skutek wypalania piasku i gliny. Cechuje się dużą odpornością na uszkodzenia mechaniczne, dzięki czemu będziesz mógł cieszyć się niepowtarzalnym urokiem elewacji przez długie lata. Cegła pełna przeznaczona jest do wykonywania konstrukcji nawet w najbardziej surowych warunkach atmosferycznych, a to ze względu na swoją mrozoodporność oraz niską nasiąkliwość. Proponowany produkt ma delikatnie cieniowaną powierzchnię w kolorze klasycznej rudości. Idealnie współgra z aranżacjami utrzymanymi w stylu industrialnym, nadając całości niepowtarzalnego uroku. W naszej ofercie znajdziesz także inne cegły klinkierowe o zróżnicowanych strukturach i kolorach.'),
('Bloczek betonowy B25 36 x 24 x 12 cm', 1, 1, 5.00, 100, 'Bloczek betonowy B25 36 x 24 x 12 cm to materiał budowlany o wszechstronnym zastosowaniu. Możesz zbudować z niego piwnice i garaże, ściany fundamentowe, a także mury oporowe. Produkt ten charakteryzuje się dużą wytrzymałością na nacisk górny. Dodatkowo jest również materiałem w pełni niepalnym. Bloczek betonowy zapewni Ci szybkie i bezproblemowe murowanie. Dzięki niemu możesz zbudować ściany niskim kosztem. Produkt został wykonany z betonu wibroprasowanego w szarym kolorze. Wykorzystaj go, aby stworzyć trwałe konstrukcje odporne na ogień. Z asortymentu sklepów Castorama możesz wybrać także inne materiały budowlane. Zaopatrz się koniecznie w narzędzia niezbędne podczas murowania, a także w chemię wiążącą bloczki.'),
('Zaprawa murarska (25 kg)', 1, 1, 13.00, 100, 'Zaprawa murarska firmy Kreisel może być stosowana jako spoiwo do wznoszenia murów z cegieł, bloczków i pustaków oraz innych elementów ceramicznych, betonowych i wapienno-piaskowych. Dzięki wysokiej odporności na wodę i niską temperaturę zaprawa może być używana zarówno wewnątrz, jak i na zewnątrz budynków przy każdej porze roku i pogodzie. Zaprawę tę należy przygotować samemu i jest to rozwiązanie znacznie bardziej ekonomiczne niż zakup gotowego produktu. Takie zaprawy są też znacznie bardziej uniwersalne i sprawdzają się w najróżniejszych sytuacjach. Urabianie produktu jest proste i odbywa się według sprawdzonej kombinacji. Prawidłowo wykonana zaprawa murarska zapewnia doskonałą przyczepność i dużą moc łączącą. Po wyschnięciu jest solidna i bardzo wytrzymała.'),
('Siatka zbrojeniowa 1 x 2 m 10 x 10 cm', 1, 1, 75.00, 100, 'Siatka zbrojeniowa wyprodukowana z bardzo twardego metalu. Siatki są powszechnie stosowane w budownictwie przy wzmacnianiu posadzek betonowych i elementów żelbetowych, na przykład podłóg, stropów, wylewek, posadzek, ścian, fundamentów i belek. Zastosować je można także jako element konstrukcyjny lub wypełniający, a także do produkcji innych elementów wykonywanych z betonu, na przykład do osłon ciągów komunikacyjnych, ekranów akustycznych czy osłon urządzeń, drzwi i okien. Metalowe siatki do zbrojenia elementów betonowych pozytywnie wpływają na wytrzymałość konstrukcji i podłoża, ochraniają ogrzewanie podłogowe i zapewniają zabezpieczenie przed kurczliwością. Ich użycie jest wymagane, jeśli chcesz, żeby Twoja wylewka nie zniszczyła się pod wpływem użytkowania.'),
('Profil aluminiowy Typ U 3m do płyt G-K', 1, 1, 84.00, 100, 'Budowa ścianki działowej jest dobrym rozwiązaniem aranżacyjnych w pomieszczeniach o dużym metrażu – pomaga oddzielić na przykład kuchnię od salonu lub zaadaptować strych na pomieszczenia mieszkalne. Do konstrukcji szkieletowych ścian działowych potrzebne są przede wszystkim profile z odpornego metalu oraz okładziny z płyt gipsowo-kartonowych. Profil jest produktem, który umożliwia szybką budowę takiej ściany działowej w Twoim domu. Konstrukcja szkieletu, który zostaje następnie pokryty okładziną z płyt, jest alternatywnym rozwiązaniem wobec tradycyjnego murowania i tynkowania. Przy budowie stelaża należy połączyć pionowy profil ze ścianą oraz poziomymi profilami, które są przytwierdzone do sufitu i podłogi.'),
('Kołki rozporowe nylonowe z wkrętem kluczowym 10 x 50 mm (10 szt.)', 1, 1, 10.00, 100, 'Prezentowany element jest łatwy w użytkowaniu. Cechuje się wysoką odpornością na obciążenia, dzięki czemu zamocowane na nim przedmioty są stabilne. W skład produktu wchodzi nylon, czyli elastyczne tworzywo sztuczne odporne na starzenie się materiału, rdzewienie i gnicie. Odporność na uszkodzenia mechaniczne i trudne warunki atmosferyczne pozwala na wykorzystanie kołka na zewnątrz budynków. Dzięki swoim właściwościom powoduje skuteczne rozparcie koszulki kołka. Siły tarcia, powstające między powierzchnią kołka a powierzchnią miejsca montażowego, stabilnie utrzymują kołek w ścianie, co pozwala na sprawne przeniesienie obciążenia z zamontowanego przedmiotu. Oferowany kołek rozporowy dostępny jest w wielkości 10 x 50 mm, dzięki czemu znajduje zastosowanie w mocowaniach typu lekkiego i dekoracji wnętrz.'),
('Pianka montażowa 750 ml', 1, 1, 30.00, 100, 'Pianka pistoletowa stosowana jest w czasie prac remontowo-budowlanych, gdyż umożliwia uszczelnianie ościeżnic okiennych oraz drzwiowych, a także parapetów i stopni schodów. Wykorzystywana jest również w celu wypełniania przepustów rurowych i kablowych – jest wielozadaniowa. Idealnie sprawdza się w czasie montowania podłóg poddaszy oraz systemów klimatyzacyjnych, gdyż cechuje się znakomitą izolacyjnością termiczną. Pianka charakteryzuje się doskonałą przyczepnością zarówno do muru, cegły i betonu, jak też kamienia, drewna, PCV oraz aluminium, wobec czego bezproblemowo dostosujesz ją do indywidualnych potrzeb. W proponowanym asortymencie znajdziesz różne preparaty stosowane w czasie prac remontowych, dlatego z powodzeniem skompletujesz produkty spełniające Twoje potrzeby.'),
('Folia budowlana 0,3 mm 4 x 25 m', 1, 1, 35.00, 100, 'Folia budowlana o grubości 0,3 mm ma zastosowanie jako izolacja przeciwwilgociowa warstwy pod podłogi, posadzki, wylewki, jako zabezpieczenie elewacji, materiałów oraz stanowisk podczas prac budowlanych, jako zabezpieczanie izolacji termicznej i akustycznej przed zawilgoceniem.'),
('Folia malarska 4x5 m', 1, 1, 12.00, 100, 'Folia malarska jest praktycznym przedmiotem, pomocnym w trakcie przeprowadzania prac remontowych. Pozwala ochronić meble i podłogę przed zabrudzeniami, powstającymi podczas malowania pomieszczeń. Plandeka może zostać wykorzystana również jako osłona podczas wykonywania innych czynności, w trakcie których może dojść do zabrudzenia kurzem lub nasiąknięcia wodą. Materiał, z jakiego została wykonana folia, jest odporny na wodę oraz preparaty stosowane podczas malowania. Dzięki wykorzystaniu produktu, w prosty sposób uprzątniesz pomieszczenia i ochronisz znajdujące się w nich meble. Folia w istotny sposób może wpłynąć na ograniczenie czasu potrzebnego do przeprowadzenia prac porządkowych. Produkt jest transparentny, dzięki czemu łatwo zauważyć co znajduje się pod plandeką.'),
('Zszywacz budowlany', 1, 1, 60.00, 100, 'Zszywacz budowlany cechuje się wysoką wytrzymałością. Ma miękki uchwyt, który zapewnia dodatkowy komfort podczas pracy. Idealnie nadaje się do ciężkich zszywek. Blokowany uchwyt ułatwia przechowywanie w skrzynce narzędziowej. Wyposażony został w mechanizm usuwania zacięć, dzięki czemu oszczędzisz czas oraz siłę na inne zadania. Zszywacz budowlany ma regulację siły wbijania zszywek. Dzięki temu pracę zszywacza dopasujesz do mocowania zszywek w różnych powierzchniach. Przystosowany jest do pracy ze zszywkami o długości od 6 do 14 mm. Wbudowany haczyk do paska sprawia, że znajdzie się zawsze pod ręką, kiedy tylko potrzebujesz. Producent zapewnia 5 lat gwarancji.'),
('Paca zębata 10 x 5 cm', 1, 1, 40.00, 100, 'Do prac budowlanych z powodzeniem zastosujesz pacę. Produkt przyda się do nakładania na ściany zaprawy klejowej, w związku z czym przygotujesz powierzchnie pod nanoszenie kafelków. Paca została wykonana z elementów ze stali nierdzewnej, charakteryzującej się doskonałą wytrzymałością, dlatego też produkt jest zabezpieczony przed ewentualnymi uszkodzeniami. Ponadto stal cechuje się przede wszystkim odpornością na szkodliwe działanie korodowania, dlatego też paca pozostanie w doskonałym stanie pomimo upływu lat. Narzędzie zostało wyposażone w uchwyt, który jest należycie wyprofilowany. Dzięki temu stabilnie utrzymasz produkt w dłoni, zapewniając sobie komfortową pracę. W prezentowanej ofercie nabędziesz także inne rodzaje pacy.'),
('Szpachla 5 cm', 1, 1, 20.00, 100, 'Szpachla malarska to poręczne narzędzie przeznaczone do drobnych prac gipsowych oraz usuwania uszkodzonych powierzchni. Jest przydatna przy pracach wykończeniowych – dzięki niej możesz na przykład uzupełnić drobne ubytki tynku na ścianie czy zeskrobać zanieczyszczenia po pracach remontowych pozostałe na posadzce. Została wykonana ze stali nierdzewnej, dzięki czemu jest odporna na korozję pod wpływem wody zarobowej lub agresywnych składników w zaprawach gipsowych, co oznacza, że możesz jej użyć wielokrotnie. Stal, z której wykonane jest narzędzie, charakteryzuje się nie tylko twardością, ale też odpowiednią sprężystością. Drewniany trzonek zapewnia poręczny chwyt w trakcie pracy. Szpachle z tej serii znajdziesz też w innych szerokościach.'),
('Grunt 5 l', 1, 1, 60.00, 100, 'Grunt to gotowy do użycia środek głęboko penetrujący na bazie dyspersji styrenowo-akrylowej jest niezastąpiony w każdym etapie przygotowawczym. Doskonale wzmacnia podłoża pylące, absorbujące oraz to uszkodzone, zapewniając im odpowiednią adhezję i trwałość na dłuższy czas. Prezentowany grunt to esencjonalny element systemowego podejścia do remontów i renowacji. Dzięki praktycznym wymiarom opakowania, 26 × 19 × 15 cm, łatwo znajdziesz dla niego miejsce w swoim arsenale narzędzi. Niech każde wykończeniowe zadanie stanie się prostsze i bardziej efektywne z gruntem uniwersalnym Knauf. Zacznij od podstaw, by cieszyć się doskonałym efektem końcowym.'),
('Młotek murarski 600 g', 1, 1, 25.00, 100, 'Specjalistyczne narzędzie ręczne w postaci młotka murarskiego przyda Ci się w wielu pracach wykonywanych na placu budowy czy podczas remontu. Stalowy obuch wyróżnia się końcówką w kształcie długiej, wąskiej główki zakończonej płasko – jest idealny do przełamywania cegieł. Tego rodzaju młotka możesz użyć do zbijania starych warstw tynków podczas remontowania, a także stawiania ścian w czasie budowania nowego obiektu. Druga część obucha zakończona klasycznie sprawia, że wykorzystasz narzędzie również do klasycznego wbijania gwoździ czy pobijania cegieł. Trzonek młotka wykonano ze stali hartowanej, dlatego jest solidny i odporny na działanie warunków fizycznych. Wyprofilowany uchwyt z tworzywa sztucznego i antypoślizgowego materiału zapewni Ci wygodę i bezpieczeństwo użytkowania narzędzia.'),
('Kątownik budowlany 20 x 180 x 180 mm', 1, 1, 3.00, 100, 'Kątownik budowlany może posłużyć Ci podczas renowacji pokrycia dachowego, jako element konstrukcji podtrzymującej wełnę mineralną. Użycie kątownika jest też dobrym pomysłem, kiedy planujesz zawieszenie półek ściennych – kątownik w prosty sposób połączy pod kątem prostym półkę ze ścianą. Kątowniki możesz również wykorzystać do wykonywania schodów w swoim domu. Produkt wykonano z mocnej stali, która jest solidna, dlatego nawet pod dużym obciążeniem zachowa swój oryginalny kształt. Stal w procesie produkcji została ocynkowana, co chroni ją przed korozją i wilgocią, a Tobie daje możliwość użycia kątowników na zewnątrz budynków. W ofercie naszego sklepu są również kątowniki w innych rozmiarach, dzięki czemu z łatwością wybierzesz ten, który jest Ci potrzebny.'),
('Wkręty (10 szt.)', 1, 1, 10.00, 100, 'Uniwersalny wkręt służy jako element złączny różnego rodzaju elementów podczas prac montażowych i remontowych, na przykład przy skręcaniu mebli. Wkręt wykonano ze stali nierdzewnej, co daje Ci możliwość wykorzystania go zarówno w konstrukcjach wewnątrz, jak i tych na zewnątrz Twojego domu. Jedno opakowanie zawiera 10 wkrętów.');



INSERT INTO Produkty (nazwa_produktu, kategoria_id, dostawca_id, cena, ilosc_w_magazynie, opis) VALUES
('Antena satelitarna 80cm', 2, 2, 148.00, 100, 'Antena to przydatny sprzęt, który przyda Ci się do podłączenia telewizji. Dzięki niej będziesz mógł odbierać ulubione kanały w swoim telewizorze. To produkt, który ma szerokie zastosowanie. Doskonale sprawdzi się w biurze, domu jednorodzinnym, mieszkaniu w bloku czy też lokalu usługowym. Powierzchnia jest wykonana z wysokiej jakości materiału. Dzięki temu przez długi czas prezentuje się estetycznie. Nie musisz martwić się o niekorzystne działanie warunków atmosferycznych. Antena satelitarna Dpm jest odporna na deszcz, śnieg, a także nadmierne promieniowanie słoneczne. Ma również właściwości, które nie pozwalają na pojawienie się korozji. Sprawdź też inne akcesoria, które przydadzą się do podłączenia telewizji w Twoim domu'),
('Gniazdko elektryczne x1', 2, 2, 5.00, 100, 'Pojedyncze gniazdo przeznaczone do wcześniejszych typów instalacji elektrycznej, pozbawionych systemu uziemienia. Dzięki niemu podłączysz do zasilania praktycznie każdy odbiornik prądu bez korzystania ze zbędnych przedłużaczy. Gniazdko zamontujesz w standardowej puszcze podtynkowej. Solidne osadzenie ramki umożliwia sprawdzony mechanizm wkrętów i mocnych pazurków montażowych. Zewnętrzny korpus, wykonany z tworzywa ABS, mocowany jest za pośrednictwem śrubki. Cechuje się wysoką odpornością mechaniczną i cieplną. Rodzimy wytwórca zapewnia wyrób zgodny z unijnymi normami. Rozwiązanie wskazane do zastosowania zwłaszcza w starszych budynkach z tradycyjnymi przewodami. Uniwersalny, biały kolor dekla oraz oszczędna, klasyczna forma sprawią, że gniazdko będzie dobrze komponować się z każdym stylem wnętrza mieszkalnego czy komercyjno-użytkowego.'),
('Gniazdko elektryczne x2', 2, 2, 5.00, 100, 'Podwójne gniazdo służy do jednoczesnego podłączenia dwóch odbiorników bez korzystania z rozgałęźników czy listew elektrycznych. Element przeznaczony do sieci bez uziemienia, sprawdzi się ze starszymi instalacjami, które nie wymagają dodatkowego bolca w gniazdku. Dzięki zastosowaniu niezawodnego systemu wkrętów i pazurków montażowych, uproszczony został montaż w standardowej puszce podtynkowej. Użyte w konstrukcji ABS i poliwęglan sprawiają, że obudowa wyróżnia się wysoką odpornością na uszkodzenia, co z kolei wpływa na długą żywotność gniazda nawet przy bardzo intensywnej eksploatacji. Wyrób polskiego producenta, należy do popularnej linii stylistycznej, charakteryzującej się prostym, klasycznym kształtem i neutralnym kolorem. Dzięki tym cechom nadaje się do zamontowania w różnych częściach Twojego domu, od reprezentacyjnych salonów po strychy czy garaże.'),
('Włącznik elektryczny x1', 2, 2, 10.00, 100, 'Łącznik pojedynczy, zwany jednobiegunowym, jest najprostszym rozwiązaniem w tej kategorii akcesoriów elektrycznych. Posłuży do włączania lub wyłączania jednego prostego obwodu oświetleniowego w Twoim domu. Szybkie i intuicyjne założenie w podtynkowej puszce instalatorskiej umożliwi Ci mechanizm rozciąganych pazurków montażowych, regulowanych śrubkami. W produkcie zastosowane zostały najwyższej klasy materiały jak poliwęglan czy tworzywo sztuczne ABS. Polski producent dostosował się do wszystkich wymaganych norm bezpieczeństwa oraz zadbał o wysoką trwałość eksploatacyjną. Wyciszone, bezawaryjne działanie przycisku przyczyni się do poczucia Twojego komfortu. Dzięki prostej stylistyce obudowy w neutralnym, białym kolorze łącznik ten zharmonizuje się z każdym wnętrzem bez względu na jego wystrój czy gamę kolorystyczną ścian.'),
('Włącznik elektryczny x2', 2, 2, 10.00, 100, 'Dzięki temu wyłącznikowi podwójnemu (tzw. łącznik świecznikowy) jednym kliknięciem przycisku możesz włączać i wyłączać kinkiety czy żyrandole posiadające dwa źródła światła lub większą ich ilość, połączoną w dwóch fazach. Łatwy system montażu łącznika możliwy jest dzięki zastosowaniu pazurków regulowanych wkrętami, które zapewniają mocne osadzenie w każdej standardowej puszce wmontowanej w ścianę. Wyrób wyprodukowany został w Polsce z zachowaniem niezbędnych norm bezawaryjności, jakości i bezpieczeństwa. Wykonanie z najwyższej klasy materiałów zapewnia małą podatność na uszkodzenia i zużycie, a zarazem przyczynia się do komfortu wyciszonej pracy przycisków. Do atutów należy też zewnętrzna obudowa z białego tworzywa ABS. Utrzymana w oszczędnej i funkcjonalnej, klasycznej formie, będzie dopełnieniem atrakcyjności każdego wnętrza, od salonu po garaż.'),
('Żarówka LED G45 E27 250 lm 2700 K', 2, 2, 8.00, 100, 'Żarówka LED G45 E27 250 lm 2700 K w kształcie kulki została wyprodukowana z plastiku i mrożonego szkła, które daje efekt rozproszonego światła. W połączeniu z ciepłym światłem o temperaturze barwowej 2700 K wzmacnia przytulność pomieszczenia. Produkt charakteryzuje kąt świecenia 150° i wymiary odpowiednie do zastosowania go w lampce nocnej w sypialni lub pokoju dziecięcym. Żarówka LED G45 E27 charakteryzuje się długowiecznością. Wysoka liczba możliwych cykli włączania i wyłączania oraz 15000 godzin świecenia daje Ci minimum pięć lat użytkowania produktu – taki okres gwarantuje producent. Dzięki temu wytworzysz mniejszą ilość kłopotliwych odpadów. Nie musisz przy tym obawiać się wzrostu rachunków za pobór energii elektrycznej, ponieważ prezentowana żarówka cechuje się energooszczędnością.'),
('Żarówka LED G45 E14 806 lm 4000 K', 2, 2, 5.00, 100, 'Żarówka LED G45 E14 806 lm 4000 K jest energooszczędna. Dzięki temu produkt pozwoli Ci zredukować wydatki na prąd. Model emituje neutralne, białe światło. Jest ono przyjemne dla wzroku. Oświetlenie nie męczy oczu. Neutralny odcień światła sprawia, że żarówka sprawdzi się w różnych pomieszczeniach. Zamontujesz ją w lampie w salonie, przedpokoju lub sypialni. Produkt możesz też wykorzystać w domowym biurze lub pokoju dziecka. Żarówka LED G45 E14 cechuje się wielogodzinną żywotnością. Dzięki temu model sprawdzi się w intensywnie eksploatowanych pokojach. Nawet często używana żarówka posłuży Ci na długo. Model charakteryzuje się typowym kształtem. Montaż produktu nie sprawi Ci trudności. Sprawdź też inne wersje energooszczędnych żarówek'),
('Rozdzielnica naścienna 2 x 12 modułów', 2, 2, 65.00, 100, 'Rozdzielnica naścienna 2 x 12 modułów. Wykorzystasz ją wewnątrz pomieszczeń. Możesz ją zainstalować na ścianie. Produkt pozwala na oprzewodowanie aparatów poza rozdzielnicą. Rozdzielnica naścienna Legrand eliminuje odblaski świetlne dzięki satynowej powierzchni drzwi i obudowy. Bez problemu dopasujesz model do Twoich potrzeb. W drzwiczkach zastosowano mechanizm pozwalający na manipulowanie stroną, w którą je otwierasz. Użytkowanie proponowanego produktu jest wygodne między innymi ze względu na możliwość całkowitego otwarcia drzwi. Instrukcję montażu pobierzesz po zeskanowaniu kodu QR na opakowaniu.'),
('Bezpiecznik S1 16A', 2, 2, 20.00, 100, 'Nadmiarowo-prądowy wyłącznik instalacyjny typu S nazywany też potocznie "eską" jest to element instalacji elektrycznej, którego zadaniem jest przerwanie ciągłości obwodu, gdy prąd płynący w tym obwodzie przekroczy wartość bezpieczną dla tego obwodu. Wyłączniki te przeznaczone są do sterowania i zabezpieczeń przed skutkami przetężeń (przeciążeń i zwarć) obwodów odbiorczych instalacji oraz urządzeń elektrycznych w gospodarstwach domowych i innych.'),
('Czujnik ruchu 12 m', 2, 2, 30.00, 100, 'Czujnik ruchu góra-dół IP44 to urządzenie, które możesz wykorzystać na różne sposoby. Dzięki niemu nie będziesz już musiał szukać włącznika w ciemności, gdy wracasz do domu po zmierzchu. Jest to także zabezpieczenie na wypadek pojawienia się niespodziewanych gości. Czujnik po wykryciu ruchu rozświetli teren, dzięki czemu z łatwością rozpoznasz, kto pojawił się na posesji. Produkt jest wykonany z wysokiej klasy materiałów, które wykazują silną odporność na uszkodzenia mechaniczne. Stopień ochrony IP44 zapewnia również wodoszczelność. Czujnik ruchu dobrze znosi również niskie i wysokie temperatury. Zakres detekcji urządzenia wynosi 12 metrów. Głowicą możesz manewrować tak, aby ustawić ją według Twoich potrzeb.'),
('Latarka LED gumowana 50 lm 2 x AA', 2, 2, 130.00, 100, 'W przestrzeniach piwnicznych w blokach mieszkalnych często niełatwo jest znaleźć włącznik światła, przez co wybierając się do swojej komórki lokatorskiej, musisz przez dłuższy czas poruszać się w ciemnościach. Jeśli chcesz ułatwić sobie to zadanie, powinieneś mieć pod ręką funkcjonalną latarkę. Prezentowany produkt z pewnością spełni Twoje oczekiwania i ułatwi Ci dotarcie do właściwych drzwi bez ryzyka potknięcia się po drodze lub wpadnięcia w pajęczyny. Korpus latarki otoczony został gumowym tworzywem, które ułatwia jej trzymanie. Jeśli obawiasz się, że mimo to mogłaby wypaść Ci z dłoni, możesz zabezpieczyć się przed tym, zakładając na nadgarstek dołączony troczek. Do zasilania produktu potrzebne będą Ci 2 standardowe baterie -paluszki. '),
('Miernik cyfrowy DPM z buzzerem VC502', 2, 2, 20.00, 100, 'Łatwy w obsłudze miernik uniwersalny przeznaczony do wykonywania podstawowych pomiarów. Model VC500 umożliwia pomiary napięcia stałego DC, napięcia zmiennego AC, natężenia stałego DC, a także pomiar rezystancji. Dodatkowo urządzenie posiada funkcję testowania tranzystorów, diod oraz ciągłości obwodów, a także generator fali prostokątnej i buzzer.'),
('Przedłużacz bębnowy 4 x 16 A 3 x 1,5 mm2 25 m', 2, 2, 120.00, 100, 'Przedłużacz bębnowy to wytrzymały produkt, który ułatwi Ci pracę w domowym warsztacie. Z jego pomocą zyskasz dostęp do prądu wszędzie tam, gdzie jest to niezbędne. Możesz pociągnąć prąd na przydomowy taras lub na podwórko. Po zakończeniu pracy bez problemu zawiniesz kabel z powrotem na kołowrotek. Przedłużacz został zaprojektowany tak, aby korzystanie z niego było w pełni bezpieczne. W momencie przeciążenia przepływ prądu zostaje natychmiast odcięty. To chroni przed zniszczeniem przedłużacza w czasie awarii. Kabel wykonany jest z wytrzymałych materiałów. Do jego produkcji użyto poliwęglanu oraz polipropylenu. Przedłużacz bębnowy możesz zamontować na ścianie. W ten sposób ułatwisz sobie przechowywanie go oraz zwijanie po zakończeniu prac'),
('Oprawa oświetleniowa 2 x 18 W IP65', 2, 2, 45.00, 100, 'Długotrwałe przebywanie w niedoświetlonym pomieszczeniu może zniszczyć wzrok. W przypadku dzieci czy osób starszych łatwiej też o kontuzję. Dlatego warto doświetlać ciemne korytarze tego typu listwami, które wydobędą z mroku progi i stopnie, na które warto uważać. To rozwiązanie przydatne również w łazience nad lustrem, by łatwiej było starannie wykonywać codzienne czynności pielęgnacyjne. W kuchni z kolei odpowiednie doświetlenie szafek i blatów znacznie upraszcza przygotowywanie potraw. Listwa nie rzuca się w oczy za dnia, bo utrzymana jest w neutralnej kolorystyce. Doświetl tak wysokie sufity, które chcesz wyeksponować.'),
('Lampa robocza LED 30 W 6000 K IP65', 2, 2, 300.00, 100, 'Lampa robocza doskonale sprawdzi się podczas prac remontowych, budowlanych lub w innych sytuacjach, kiedy potrzebujesz dostępu do dodatkowego światła. Urządzenie ma niewielkie wymiary, dzięki czemu jest łatwe w przechowywaniu i nie zajmuje dużo miejsca. Mimo niepozornego wyglądu emituje intensywne światło. Atutem jest także energooszczędność, którą wyróżnia się naświetlacz. Technologia LED zapewnia małe zużycie energii elektrycznej, co pozytywnie wpłynie na Twoje rachunki za zużycie prądu. Lampa została wykonana ze szkła i metalu. Hermetyczna obudowa jest odporna na pył oraz wodę. Dzięki temu wszystkie zawarte w niej elementy są skutecznie chronione przed czynnikami zewnętrznymi.'),
('Taśma izolacyjna PCV 19 mm x 10 m', 2, 2, 5.00, 100, 'Taśma izolacyjna to materiał, który zastosujesz do oznaczania i izolowania przewodów. Znajdzie zastosowanie podczas remontów i napraw warsztatowych. Przyda się również podczas reperowania instalacji elektrycznej – za jej pomocą możesz w trwały sposób połączyć dwa odcinki przewodów lub zaizolować uszkodzoną osłonę kabla. Taśma zapewnia szczelne połączenie – jest odporna na wilgoć, ponieważ została wykonana z polichlorku winylu. Jest też wytrzymała na uszkodzenia takie jak przetarcia i przedarcia, dzięki czemu zapewnia trwałość. Znajdziesz ją w naszej ofercie w wielu kolorach do wyboru, dzięki czemu łatwo dopasujesz element do koloru kabla, a także do powszechnie obowiązujących zasad identyfikacji przewodów elektrycznych.'),
('Tester napięcia', 2, 2, 30.00, 100, 'Tester napięciajest to przydatne narzędzie podczas majsterkowania. Pozwoli Ci dotrzeć do trudno dostępnych miejsc w instalacjach elektrycznych. Z jego pomocą szybciej wykryjesz usterkę w urządzeniach elektrycznych. Zmieścisz go w kieszeni czy skrzynce z narzędziami. Tester napięcia działa bezdotykowo. Wyposażony jest we wskaźnik dźwięku. Działa precyzyjnie oraz ma wytrzymałą konstrukcję. Wszystko to sprawia, że będziesz z niego korzystać przez wiele lat. Urządzenie jest przeznaczone nie tylko dla doświadczonych majsterkowiczów, ale także amatorów. '),
('Termostat MX-12', 2, 2, 120.00, 100, 'Termostat MX-12 w kolorze białym to niezawodne urządzenie do precyzyjnej regulacji temperatury w Twoim domu. Dzięki niemu, możesz łatwo dostosować warunki w pomieszczeniu do własnych preferencji, zapewniając sobie i swoim bliskim komfort. Jest to także doskonały sposób na oszczędzanie energii, co przekłada się na mniejsze rachunki za ogrzewanie. Urządzenie posiada zakres regulacji temperatury od 5°C do 40°C, co pozwala na dokładne ustawienie wymaganego poziomu ciepła. Termostat jest wyposażony w czujnik NTC, który gwarantuje wysoką dokładność działania. Prosty i intuicyjny w obsłudze, z ręcznym sterowaniem termostatycznym, jest idealny dla osób ceniących sobie tradycyjne rozwiązania.'),
('Złączki kablowe (15 szt.)', 2, 2, 10.00, 100, 'Złączki kablowe to specjalne elementy służące do łączenia przewodów elektrycznych w szybki i prosty sposób. Są one wykonane z różnych materiałów, takich jak miedź, aluminium lub stal nierdzewna, i są dostępne w różnych rozmiarach i kształtach, w zależności od potrzeb. Szybkozłączki kablowe elektryczne są szczególnie przydatne w miejscach, gdzie często dochodzi do łączenia lub rozłączania przewodów, takich jak skrzynki elektryczne lub rozdzielnice. Są one łatwe w obsłudze i umożliwiają szybkie i bezpieczne łączenie lub rozłączanie przewodów elektrycznych bez konieczności ich cięcia lub spawania. Sprawdź naszą ofertę szybkozłączek kablowych elektrycznych i znajdź odpowiednie do swoich potrzeb.'),
('Śrubokręt izolowany', 2, 2, 30.00, 100, 'Każdy doświadczony i początkujący majsterkowicz z pewnością wie, że niezbędnym elementem wyposażenia warsztatu jest wkrętak izolowany, który umożliwi bezpieczne wykonywanie napraw urządzeń elektrycznych i instalacji elektrycznej. Zainteresować Cię powinien wkrętak izolowany dostępny w naszej ofercie. Jest to produkt, którym wkręcisz i wykręcisz śruby w instalacji o wysokim napięciu do 1000V. Bezpieczeństwo zapewni Ci wysoka klasyfikacja VDE wkrętaka, który wykonany został z wytrzymałej stali, a następnie dokładnie zaizolowany. Wkrętak ma uniwersalną końcówkę, która przyda się w większości prac warsztatowych. Rękojeść wykonano z elastomeru termoplastycznego, dzięki czemu wygodnie leży w dłoni i stanowi dodatkową izolację narzędzia. ');


INSERT INTO Produkty (nazwa_produktu, kategoria_id, dostawca_id, cena, ilosc_w_magazynie, opis) VALUES
('Rura kanalizacyjna Fi 32 1 mb PCV', 3, 4, 24.00, 100, 'Rura kanalizacyjna pcv fi 32 to produkt będący elementem systemu kanalizacyjnego. Jest to rura wykonana z tworzywa sztucznego pcv, która charakteryzuje się wytrzymałością mechaniczną oraz odpornością na działanie czynników chemicznych. Rura ta ma średnicę wewnętrzną 32 mm co umożliwia swobodny przepływ wody i ścieków. Jest to produkt przeznaczony do stosowania wewnątrz budynków, zarówno mieszkalnych, jak i przemysłowych. Rura kanalizacyjna pcv fi 50 500mm może być stosowana zarówno do odprowadzania wody deszczowej, jak i ścieków z kuchni, łazienek czy wc.'),
('Kolanko PVC Fi 32 90°', 3, 4, 5.00, 100, 'Kolanko PVC Fi 32 90°, to produkt, który stosowany jest głównie w systemach kanalizacyjnych, w celu prowadzenia przepływów w kierunku poziomym i pionowym. Kąt 90° pozwala na łatwe i precyzyjne ustawienia rur w trudno dostępnych miejscach, zapewniając maksymalną elastyczność i komfort użytkowania w trudnych warunkach. Produkt ten charakteryzuje się również łatwą i intuicyjną instalacją, co ułatwia proces montażu.'),
('Złączka PVC Fi 32', 3, 4, 3.00, 100, 'Złączka do rur PVC znakomicie sprawdzi się podczas tworzenia trwałych oraz szczelnych połączeń pomiędzy dwiema rurami. Spełnia więc funkcję przedłużki, co pozwoli Ci wykonywać długie ciągi dystrybucji ścieków. Charakteryzuje się wysoką wytrzymałością na wszelkiego rodzaju uszkodzenia mechaniczne, wobec czego będzie idealnie spełniała swoją funkcję przez długie lata. Powstała z polipropylenu kopolimerowego PP-B, co zapewnia jej znakomitą odporność na szkodliwe działanie chemikaliów oraz wysokich temperatur – dzięki temu możesz ją wykorzystać do tworzenia przewodów odprowadzających ścieki z pralek oraz zmywarek. W naszej ofercie znajdziesz także inne produkty tej marki, a zatem wybierzesz rury, kolanka oraz redukcje w rozmiarach pasujących do Twoich potrzeb.'),
('Wężyk Fil-Nox 1/2" x 1/2" 100 cm', 3, 4, 7.00, 100, 'Wężyk to element stosowany w czasie tworzenia instalacji wodnych, grzewczych, ciśnieniowych, chłodniczych oraz klimatyzacyjnych – przyda się w każdym domu. Korzystając z niego, z łatwością zamontujesz armaturę, filtry, wodomierz, pompę lub hydrofor, wobec czego jest wyjątkowo funkcjonalny. Element będzie idealnie pełnił swoją funkcję przez długi czas, gdyż wykonany został z mosiądzu, stali nierdzewnej oraz EPDM, czyli materiałów odpornych na odkształcenia – stworzonej za jego pomocą konstrukcji nie będziesz musiał często wymieniać. Gumowa uszczelka minimalizuje ryzyko ulatniania się do pomieszczeń dystrybuowanego gazu lub przeciekania cieczy. W proponowanym asortymencie znajdziesz różne rodzaje wężyków, więc wybierzesz model adekwatnie do własnych potrzeb.'),
('Syfon do umywalki', 3, 4, 60.00, 100, 'Syfon umywalkowy znajdzie zastosowanie w każdej łazience czy toalecie. Element wygodnie przyłączysz do umywalki, tak by zapewnić prawidłowe odprowadzanie zużytej wody. Element sanitarny ma postać specjalnie wygiętej rury. W wykonanym zagłębiu po każdym użytkowaniu wody pozostaje niewielka ilość cieczy. To dzięki niej nieprzyjemne gazy nie przedostają się do wnętrza łazienki, a Ty możesz ją utrzymać w higienicznej czystości. Wykonanie z polipropylenu sprawia, że syfon w łatwy sposób wyczyścisz, używając do tego wilgotnej ściereczki. Biały kolor elementu będzie się dobrze komponował z tradycyjnie wykończoną łazienką. Produkt możesz zamaskować praktyczną szafką umywalkową. W naszej ofercie znajdziesz także syfony do innych urządzeń sanitarnych.'),
('Odpływ liniowy 80 cm', 3, 4, 270.00, 100, 'Nowoczesny odpływ liniowy o długości 80 cm, wykonany ze stali nierdzewnej. Produkt znajdzie zastosowanie w każdej nowoczesnej łazience. Można go montować bezpośrednio na podłodze, co pozwala na uzyskanie więcej przestrzeni w łazience. Wykonany ze stali nierdzewnej, jest łatwy do utrzymania w czystości i odporny na wszelkie korozje. Wyposażony w syfon o przepustowości 36 l/min z powodzeniem może być montowany w kabinach z deszczownią czy hydromasażem.'),
('Zestaw prysznicowy', 3, 4, 130.00, 100, 'Zestaw prysznicowy pozwala na wygodną kąpiel pod strugami wody. Dzięki solidnemu wykończeniu komplet charakteryzuje się nie tylko estetycznym wyglądem, ale funkcjonalnością użycia. Przesuwny uchwyt prysznicowy, który montuje się do ściany, umożliwia umieszczenie prysznica na dowolnym poziomie. Dzięki takiemu rozwiązaniu każdy z użytkowników może dopasować wysokość natrysku do własnych potrzeb. Długi wąż ułatwia wykonywanie czynności pielęgnacyjnych ciała. Zestaw posiada uchwyt punktowy, który montowany jest w łatwy sposób do ściany w kabinie prysznicowej lub nad wanną. Produkt wykonano z odpornych na korozję tworzyw ASB oraz mosiądzu pokrytego chromową powłoką. Zestaw stanowi stylowy i elegancki element wyposażenia łazienki.'),
('Sedes kompaktowy', 3, 4, 800.00, 100, 'Kompakt WC to połączenie funkcjonalności i elegancji w jednym produkcie. Wykonany z wysokiej jakości ceramiki, zapewnia trwałość i łatwość w utrzymaniu czystości. Jego bezkołnierzowa konstrukcja ułatwia higieniczne użytkowanie, a matowa deska wolnoopadająca z duroplastu gwarantuje cichą i bezpieczną obsługę. System podwójnego spłukiwania pozwala na efektywne zarządzanie zużyciem wody, co przekłada się na oszczędności i dbałość o środowisko. Kompakt z odpływem dolnym harmonijnie wpasuje się w przestrzeń łazienki, a jego wymiary (63,5 cm × 37,5 cm × 72,5 cm) pozwalają na komfortowe użytkowanie. Uchwyt w formie przycisku zapewnia intuicyjną obsługę. Waga kompaktu wynosi 32 kg, co świadczy o solidności wykonania. Wybierając kompakt WC Orinoco Crespo Rim, stawiasz na połączenie estetyki i funkcjonalności w Twojej łazience.'),
('Pisuar', 3, 4, 300.00, 100, 'Pisuar sprawdzi się w łazience – zarówno tej w domu, jak i hotelu czy restauracji. Produkt na długo zachowa swój estetyczny wygląd i funkcje. Jest bowiem wykonany z porcelany odpornej na uszkodzenia. Element wyposażenia łazienki jest niewrażliwy na osad z kamienia. Nieporowata porcelana to gwarancja gładkiej powierzchni, na której nie pojawią się trudne do usunięcia zabrudzenia. Usuwanie ewentualnych zanieczyszczeń nie spowoduje zarysowań na powierzchni armatury. Pisuar Rosario biały ma uniwersalny kształt. Sprawdzi się we wnętrzu urządzonym w tradycyjnym lub współczesnym stylu. W naszej ofercie znajdziesz również inne pisuary. Sprawdź oferowane produkty i wybierz najlepszy model, którym uzupełnisz wyposażenie łazienki.'),
('Umywalka', 3, 4, 270.00, 100, 'Wiele z wykonywanych w łazience czynności higienicznych wymaga łatwego i wygodnego dostępu do źródła wody. Udostępni Ci je umywalka, nad którą umyjesz ręce lub opłuczesz twarz, by odświeżyć się rankiem przed rozpoczęciem pracowitego dnia. Prezentowany element ceramiczny doskonale sprawdzi się w niewielkiej łazience, w której brakuje miejsca dla obszernych mis. Jest to model o opływowych kształtach, które nadadzą wystrojowi wnętrza elegancki charakter. Całość utrzymana jest w uniwersalnym kolorze białym, jaki z powodzeniem dopasujesz do znajdującej się w łazience wanny lub miski toaletowej. Do dostępnej w tym miejscu umywalki dobierz odpowiednią baterię z oferty armatury w sklepach Castorama. Sprawdź koniecznie!'),
('Płyn udrażniający 5 l', 3, 4, 30.00, 100, 'Profesjonalny środek przeznaczony do udrażniania odpływów kanalizacyjnych i rur to skuteczne zabezpieczenie dla instalacji sanitarnej w Twoim domu. Dzięki niemu oczyścisz przewody w swojej łazience i toalecie. Jego skoncentrowana formuła pozwala na dotarcie nawet do najgłębszych zakamarków instalacji, skutecznie zapobiegając rozwojowi bakterii i pleśni. To wyjątkowo silne i zarazem bezpieczne rozwiązanie – jego specjalnie opracowany skład nie wchodzi w reakcje z plastikiem, dzięki czemu nie uszkadza rur ani gumowych uszczelek. Preparat ten jest bardzo wygodny w użyciu – nie pieni się ani nie powoduje chlapania, a dodatkową jego zaletą jest szybkie działanie, które następuje już po 30 minutach od jego zastosowania.'),
('Grzałka do wody 2 kW', 3, 4, 100.00, 100, 'Oferowana tutaj gałka to element wymienny do pojemnościowych ogrzewaczy wody. Gdy stara część ulegnie zużyciu, nie musisz inwestować w całkiem nowe urządzenie – wystarczy nowa grzałka. Produkt jest przystosowany do grzania wody w pojemnikach o wielkości od 80 do 140 litrów, czyli powszechnie stosowanych w domach, pomieszczeniach gospodarczych oraz w zakładach przemysłowych. Część grzejna jest wykonana z miedzi, dzięki czemu jest odporna na korozję. Nie wydziela również do wody szkodliwych substancji. Grzałka posiada regulację na korku – systemem grzania można wygodnie sterować. Obudowa termostatu jest biała, dzięki czemu nie będzie się wyróżniać na powierzchni ogrzewacza wody. W naszej ofercie dostępne są również dostępne inne elementy systemów do grzania wody'),
('Uszczelki do rur Fi 32 (10 szt.)', 3, 4, 5.00, 100, 'Zestaw 10 uszczelek gumowych do rur wodnych. Chcesz zapewnić pełną szczelność swojej instalacji wodnej? Uszczelki sprawdzą się do tego doskonale. Elementy, które wykorzystasz w swoim gospodarstwie domowym, mają tradycyjny, pierścieniowy kształt. Dzięki temu będą pasować do urządzeń w Twoim domu. Materiał, z jakiego wykonane są uszczelki, jest na tyle odporny, że zapewni wytrzymałość przez długi czas. Poczujesz pełne bezpieczeństwo całego systemu nawadniającego, nawet przy dużym ciśnieniu wody ciepłej lub zimnej.'),
('Taśma teflonowa standard do instalacji wodnych', 3, 4, 3.00, 100, 'Taśma teflonowa w kolorze białym jest przeznaczona do montażu w instalacjach wodnych. Produkt jest wykonany z tworzywa sztucznego PTFE, które cechuje się wytrzymałością oraz solidnością, dzięki czemu taśma precyzyjnie uszczelni połączenia gwintowane. Produkt jest odporny na działanie wysokiej temperatury oraz niekorzystnych warunków atmosferycznych. Taśmę wyróżnia doskonała izolacyjność, dzięki czemu zastosowany materiał zniweluje przecieki wodne, usprawniając pracę rurociągów. Taśmę teflonową cechuje prostota montażu. Dlatego to doskonała alternatywa dla tradycyjnych pakułów uszczelniających, których montaż wymaga użycia pasty. Taśma świetnie sprawdzi się w domowym warsztacie – wykorzystasz ją wielokrotnie podczas wielu prac modernizacyjnych.'),
('Klucz do rur 450 mm', 3, 4, 30.00, 100, 'Klucz do rur 450 mm znajdzie zastosowanie zarówno w profesjonalnym warsztacie, wyposażeniu fachowca, jak i każdym gospodarstwie domowym. Narzędzie umożliwi Ci wykonanie przeróżnych prac związanych z konserwacją, łączeniem oraz montażem rur. Zaletą jest prosta i wygodna obsługa. Prezentowany klucz do rur został wyprodukowany z wysokiej jakości materiału. Narzędzie ze stali to gwarancja, że posłuży Ci ono przez wiele lat. Solidna konstrukcja jest odporna na uszkodzenia. Klucz ma specjalnie zaprojektowaną głowicę, która w górnej części jest odchylona pod kątem czterdziestu pięciu stopni. To ułatwia dotarcie do trudnych miejsc. Prace ułatwiają także mocne szczęki w rozstawie wynoszącym dwadzieścia pięć milimetrów. W naszej ofercie znajdziesz wiele innych kluczy hydraulicznych.'),
('Termometr rurowy', 3, 4, 40.00, 100, 'Termometr do pomiaru temperatury w rurach ciepłowniczych. Termometr służy do pomiaru temperatury w piecach i kotłach centralnego ogrzewania, różnego typu systemach cieplnych, parowych i wodociągowych. Termometr stosuje się do pomiaru temperatury medium znajdującego się wewnątrz przewodu rurowego, na którym zamocowany jest dany termometr. Mocowanie termometru odbywa się bez konieczności wykonywania jakichkolwiek otworów w przewodzie rurowym. Termometr przylega do rury dzięki sprężynie, którą zakłada się na specjalnie wygięte zaczepy w obudowie.'),
('Pompa do szamba', 3, 4, 300.00, 100, 'Pompa zatapialna do szamba może mieć wiele możliwości różnych zastosowań, jak do użytek domowy, pompowanie szamba, opróżnianie zbiorników, wypompowywanie wody z wykopów, pomieszczeń, zastosowań ogrodniczych i wielu innych zastosowań indywidualnych. Bezawaryjna pompa do ścieków charakteryzuje się wieloletnim działaniem, solidną oraz trwałą konstrukcją a także bardzo dobrym wykonaniem z najlepszych komponentów. Pompa Omnigena wykonana jest ze stali nierdzewnej oraz żeliwa. Pompa wykazuje wysoką odporność na korozję a także uszkodzenia mechaniczne. Pompa wzbogacona jest o sterowanie pływakowe, które odpowiedzialne jest za załączanie się w zależności od poziomu pompowanego medium a także ochronę pompy przed pracą na sucho, która mogłaby uszkodzić urządzenie.. Pompa posiada również w zabezpieczenie nadprądowe, na kablu zasilającym, chroniące silnik urządzenia przed przeciążeniem w przypadku zablokowania się wirnika.'),
('Zawór kulowy 1/2', 3, 4, 20.00, 100, 'Zawór kulowy 1/2 znajdzie zastosowanie podczas wykańczania pomieszczeń w Twoim mieszkaniu. Stanowi bowiem element instalacji wodnych oraz grzewczych, umożliwiający błyskawiczne odcięcie dopływu wody do rur. W związku z tym zapobiega zalaniu mieszkania w czasie awarii, jak również pozwala przeprowadzić prace renowacyjne kaloryferów oraz urządzeń sanitarnych. Kurek kulkowy charakteryzuje się niewielkim rozmiarem, więc dopasujesz go nawet do rur umiejscowionych w wąskich przestrzeniach. Warto go zamocować w miejscu, do którego masz dobry dostęp, ponieważ będziesz mógł błyskawicznie zainterweniować w przypadku pęknięcia rury. Element wykonany został z mosiądzu, więc będzie się znakomicie sprawdzał przez długi czas – cechuje się doskonałymi właściwościami wytrzymałościowymi.'),
('Filtr wodny', 3, 4, 80.00, 100, 'Filtr wodny to urządzenie, które skutecznie usuwa wszelkie zanieczyszczenia mechaniczne, takie jak piasek, muł, rdzę i zawiesiny organiczne, a także chemiczne – chlor, fenole, pestycydy i cysty. Wkład odżelaziający niweluje żelazo i mangan. Filtr przeznaczony jest do montażu na rurze zasilającej w wodę dom lub mieszkanie. Sprawdzi się także w kuchni pod zlewozmywakiem. Jest alternatywą dla centralnych zmiękczaczy wody – w sytuacji, gdy ich montaż jest niemożliwy.'),
('Deska sedesowa polipropylen', 3, 4, 170.00, 100, 'Podczas odnawiania swojej obecnej łazienki lub urządzania nowej toalety może Ci się przydać prezentowana deska WC. Jej biały, neutralny kolor pozwoli Ci ją dopasować do większości aranżacji oraz reszty wyposażenia i armatury sanitarnej. Deska została wykonana z polipropylenu, który jest trwałym materiałem i wykazuje dużą odporność na wodę i detergenty, dlatego możesz go swobodnie poddawać czyszczeniu – na długo zachowa oryginalny wygląd. Dzięki uniwersalnym mocowaniom masz szansę stabilnie umieścić ten element na większości modeli misek klozetowych. Deska WC została również wyposażona w zawiasy wykonane ze stali nierdzewnej, dlatego możesz mieć pewność, że zostaną one wolne od rdzy i będą funkcjonować tak, jak powinny.');


INSERT INTO Produkty (nazwa_produktu, kategoria_id, dostawca_id, cena, ilosc_w_magazynie, opis) VALUES
('Śrubokręty zestaw (6 szt.)', 4, 3, 30.00, 100, 'Jeśli majsterkujesz, w Twojej skrzynce z narzędziami nie może zabraknąć wkrętaków. W prezentowanym zestawie znajduje się 12 narzędzi o szerokim zastosowaniu. Dzięki nim z łatwością skręcisz lub rozkręcisz meble, a także przymocujesz obraz czy gniazdko. To również przyrządy, które przydadzą Ci się podczas drobnych napraw, np. przy rowerze czy samochodzie oraz przy wymianie baterii w zegarku. Ich największą zaletą jest wytrzymałość. Wkrętaki mają solidną konstrukcję, dzięki czemu nie zawiodą Cię nawet podczas wymagających napraw. Co ważne, nawet przy intensywnej eksploatacji, narzędzia pozostają w pełni funkcjonalne, a ich ostrza zachowują wzorową ostrość. Dodatkowym atutem wkrętaków są wygodne uchwyty, dzięki którym korzystanie z nich staje się bardziej przyjemne.'),
('Zestaw narzędzi 1/2'' 216 części', 4, 3, 500.00, 100, 'Zestaw narzędzi składa się z 216 części – będzie doskonałym uzupełnieniem wyposażenia przydomowego warsztatu, a także profesjonalnego zakładu. Znajdziesz w nim niezbędne narzędzia do naprawy auta, skręcania różnych elementów konstrukcji czy wykonywania prac remontowych. Elementy wykonane zostały z mocnej stali chromowo-wanadowej. W zestawie znajdziesz nasadki, grzechotki i pokrętła, które ułatwią prace z elementami złącznymi, takimi jak śruby i nakrętki. W komplecie znajdziesz również przegub Cardana oraz przedłużki. Oprócz bitów znajdują się adaptery do bitów, końcówki wkrętakowe, końcówki sześciokątne oraz klucze imbusowe, dzięki czemu Twój warsztat będzie kompletnie wyposażony. Jeśli zechcesz przetransportować narzędzia, zmieścisz je wszystkie w poręcznej walizce dołączonej do kompletu.'),
('Zestaw wierteł i nasadek (30 szt.)', 4, 3, 60.00, 100, 'Zestaw przyda się podczas wykonywania konstrukcji z twardych materiałów – wiertła po zamocowaniu przy elektronarzędziu umożliwiają prawidłowe przygotowywanie otworów w metalu, drewnie, murze, a także tworzywach sztucznych. Funkcjonalny produkt wykorzystasz w czasie wykańczania tarasu, naprawiania mebli lub wieszania lampy ściennej. Prosty trzonek pozwala na łatwy demontaż końcówki, więc wiertła możesz błyskawicznie wymieniać. Całość znajduje się w futerale, dzięki czemu przechowywanie oraz transportowanie akcesoriów jest wyjątkowo łatwe. Spośród 30 sztuk wierteł i nasadek o różnych parametrach technicznych wybierzesz modele, które najlepiej sprawdzą się podczas rozmaitych prac.'),
('Młotek stolarski jednoczęściowy 453 g', 4, 3, 50.00, 100, 'Denerwujesz się za każdym razem, kiedy musisz szukać jakiegoś narzędzia do wyciągnięcia gwoździ? Tymczasem możesz zaopatrzyć się w jeden przyrząd, który spełni dwie funkcje. Prezentowany młotek stolarski posiada specjalny ząb, który umożliwia wyjątkowo łatwe i skuteczne wyjmowanie gwoździ z rozmaitych materiałów. Kuty ze stali przyrząd jest szczególnie odporny na uszkodzenia, a taka budowa zapobiega odłączaniu się obucha od trzonka. Ergonomiczny uchwyt pokryty gumą znacznie podnosi komfort korzystania z narzędzia, nawet wielogodzinnego. Taki trzonek pochłania również wstrząsy, co dodatkowo upłynni Twoją pracę. Młotek stolarski posiada krawędzie ze stali hartowanej, dzięki czemu nawet ekstremalna eksploatacja nie wpłynie na jego funkcjonalność.'),
('Piła ręczna uniwersalna 50 cm', 4, 3, 40.00, 100, 'Potrzebujesz do swojej pracy lub majsterkowania narzędzia do cięcia precyzyjnego i powierzchniowego? Powinna zainteresować Cię prezentowana piła. Jest to praktyczne i poręczne narzędzie, które wykonano z wytrzymałej na uszkodzenia i odkształcenia stali węglowej. Dzięki temu piła długo będzie spełniała swoje zadanie. Piła wyposażona jest w wygodną rękojeść oraz ramkę równoległą do ostrza. To rozwiązanie konstrukcyjne pozwoli Ci na złapanie oburącz piły, jeśli tego wymagać będzie wykonanie precyzyjnego nacięcia. Produkt umożliwia wygodne i wydajne cięcie rurek plastikowych i metalowych, a także drewna. Dzięki swej wielofunkcyjności będzie przydatne w trakcie rozmaitych prac remontowych.'),
('Nożyk introligatorski 18 mm', 4, 3, 10.00, 100, 'Nóż uniwersalny 18mm to kieszonkowy nóż z tworzywa sztucznego z klasycznym mechanizmem wysuwającym. Służy do cięcia lekkich materiałów opakowaniowych, takich jak kartony do 3 warstw, worki, folia stretch i folia termokurczliwej, taśmy PP i PET, taśmy klejące oraz tapet. Ostrze noża można wykorzystać wielokrotnie ponieważ jest segmentowe umożliwiając odłamywanie zużytych czubków.'),
('Liniał sztywny 100 cm', 4, 3, 20.00, 100, 'Liniał sztywny o długości 100 cm to precyzyjne narzędzie pomiarowe, wykorzystywane głównie w pracach stolarskich, budowlanych oraz podczas wszelkich zadań wymagających dokładnego pomiaru. Wykonany z wysokiej jakości stali nierdzewnej, zapewnia odporność na korozję i uszkodzenia mechaniczne. Jego powierzchnia została starannie wypolerowana, co umożliwia precyzyjne odmierzanie i rysowanie linii. Liniał jest wyposażony w wyraźne, trwałe oznaczenia milimetrowe, które są odporne na ścieranie, co pozwala na długotrwałe użytkowanie bez utraty dokładności. Dzięki swojej sztywności, narzędzie zachowuje stabilność i niezawodność przy każdym pomiarze, nawet przy intensywnym użytkowaniu. Jest to niezastąpione narzędzie w warsztatach, przy budowie mebli, w rzemiośle czy pracach technicznych.'),
('Poziomica 100 cm', 4, 3, 60.00, 100, 'W świecie budownictwa i rzemiosła dokładność ma kluczowe znacznie, dlatego wybierając tę poziomnicę, otrzymujesz najdokładniejszą libellę w branży o dokładności pomiaru 0,3 mm/m. Trwała konstrukcja wykonana ze wzmocnionego aluminium jest odporna na zniekształcenia i uszkodzenia mechaniczne. To narzędzie, które posłuży przez długi czas, nawet w najtrudniejszych warunkach pracy. Wyraźne i czytelne libelle sprawiają, że odczyt jest wygodny w każdej sytuacji. Jaskrawy kolor pomarańczowy ułatwia używanie poziomicy w różnych warunkach oświetleniowych i pozwala na szybkie zlokalizowanie. Idealna zarówno dla profesjonalistów, jak i amatorów, poziomnica doskonale sprawdzi się w każdych warunkach. Wszystko dzięki połączeniu trwałości, precyzji i przyjaznej dla użytkownika konstrukcji.'),
('Miarka zwijana 5 m', 4, 3, 30.00, 100, 'Wykonanie precyzyjnych pomiarów podłogi to niezwykle ważny etap remontu, który pozwoli Ci określić, jak dużo podkładu, paneli podłogowych czy desek potrzebujesz do wykończenia powierzchni. W tym celu przyda Ci się prezentowana miara – jej taśma zwinięta jest w solidnej obudowie, co powoduje, że produkt jest poręczny i odporny na uszkodzenia. Miara posiada automatyczną blokadę, która znacznie ułatwia wykonywanie pomiarów samodzielnie – jeśli natomiast często mierzysz powierzchnie metalowe, z pewnością docenisz obecność magnetycznego haka znajdującego się na krańcu taśmy. Dwustronna miara powstała z nylonu, który zabezpiecza oznaczenia przed ścieraniem się.'),
('Imadło stołowe 152 mm', 4, 3, 120.00, 100, 'Budujesz drewnianą altanę ogrodową i potrzebujesz narzędzia, które pomoże Ci wykonać proste i precyzyjne cięcia desek? W takim przypadku doskonale sprawdzi się imadło stołowe. To narzędzie pozwala na uzyskaniu solidnego docisku obrabianego materiału, przy użyciu niewielkiej siły. Dzięki temu możesz stabilnie unieruchomić obrabiany przedmiot, nie uszkadzając go przy tym. Ponadto przyrząd został wytworzony ze stali, która charakteryzuje się wysoką odpornością na wszelkie zniekształcenia mechaniczne. Obrotowa głowica oraz podstawa sprawiają, że wykonywana praca staje się komfortowa – możesz precyzyjnie dopasować położenie imadła według swoich potrzeb. W bogatym asortymencie naszych sklepów znajdziesz też inne narzędzia, które z pewnością znajdą praktyczne zastosowanie w Twoim warsztacie. Sprawdź!'),
('Wiertarka udarowa 450 W', 4, 3, 400.00, 100, 'Wiertarka udarowa 450 W przyda się w każdym warsztacie. Przy jej pomocy będziesz mógł wykonać otwory w twardych materiałach. Pozwoli Ci na przykład przywiesić na ścianie obraz czy skręcić meble. Przy jej użyciu wykonasz także wiele praktycznych prac na zewnątrz. Dzięki znakomitym parametrom wiertarka udarowa jest nie tylko stosowana w domowych warsztatach, ale również w profesjonalnych serwisach. Urządzenie ma wygodny uchwyt pomocniczy. Dzięki temu prowadzenie jej jest wyjątkowo łatwe. Z powodzeniem możesz jej używać na placach budowy. Cechuje się odpornością na uszkodzenia mechaniczne. '),
('Młot wyburzeniowy 1700 W', 4, 3, 1000.00, 100, 'Młot wyburzeniowy 1700 W, zapewniający energię udaru 50 J, umożliwia skuteczne kucie w betonie i konstrukcjach murowanych. Dzięki wentylatorowi chłodzącemu silnik zachowuje optymalną temperaturę, co przekłada się na jego długotrwałe działanie. Lekka przekładnia w obudowie z aluminium oraz ergonomiczny uchwyt z miękkim gripem gwarantują komfort użytkowania oraz precyzję podczas ciężkich prac. Zestaw zawiera dwa dłuta i walizkę, co ułatwia przechowywanie i transport. Urządzenie oferuje 1600 bpm, dzięki czemu pozwala na szybkie postępy w pracy, a blokada dłuta w jednym położeniu zwiększa bezpieczeństwo. Młot wyburzeniowy to solidny wybór dla profesjonalistów.'),
('Szlifierka kątowa 230 mm 2000 W', 4, 3, 500.00, 100, 'Szlifierka kątowa 230 mm 2000 W posłuży Ci do docięcia kamiennych płytek podłogowych lub ściennych. Dzięki temu narzędziu wykonasz remont, którego efekty będą wyjątkowo estetyczne i spodobają się wszystkim domownikom. Duża moc urządzenia sprawia, że wykorzystasz go także do prac w ogrodzie na twardszych materiałach. Szlifierką dotniesz kostkę brukową i ułożysz z niej dekoracyjną dróżkę w ogrodzie. Narzędzie sprawdzi się także do pracy na metalowych elementach, na przykład profilach do ścianki działowej. Posłużą Ci one podczas oddzielania od siebie dwóch pomieszczeń. Szlifierka kątowa ma kabel o długości dwóch metrów. Zasięg jest wyjątkowo duży, co zwiększa komfort podczas pracy.'),
('Pilarka tarczowa 190 mm 1500 W', 4, 3, 600.00, 100, 'Pilarka tarczowa 190 mm 1500 W została przez producenta wyposażona w funkcję blokady wrzeciona. Będziesz mógł dzięki temu szybko i bezpiecznie wymienić tarczę. Przełącznik blokady aktywacji zapewni Ci dodatkowe bezpieczeństwo oraz zapobiegnie przypadkowemu uruchomieniu. Pilarka tarczowa to niezbędnik każdego majsterkowicza. Będziesz mógł ją wykorzystać w wielu pracach remontowych, stolarskich oraz ciesielskich. Skutecznie przetniesz deski oraz innego rodzaju materiały. Między innymi będziesz mógł zaprojektować, a potem zbudować meble według własnego projektu. Sprawdź również inne sprzęty, które przygotowaliśmy dla Ciebie w tej kategorii. Już dziś wybierz najlepsze rozwiązanie dla siebie!'),
('Agregat prądotwórczy 8000 W Euro 5', 4, 3, 2000.00, 100, 'Agregat prądotwórczy doskonale sprawdzi się w użytku domowym i firmowym. Generator ze silnikiem spalinowym wykorzystasz jako awaryjne źródło zasilania. Dziesięć litrów benzyny wystarczy, aby urządzenie pracowało bez zarzutu przez dziesięć godzin. Agregat prądotwórczy 8000 W Euro 5 okaże się szczególnie przydatny w firmach, gdzie brak prądu paraliżuje prace czy powoduje straty. Wykorzystasz go także podczas prac w sadzie, ogrodzie czy na działce. Wszędzie tam, gdzie nie ma podłączenia do trakcji elektrycznej, taki agregat będzie niezastąpionym udogodnieniem. Agregat jest mobilny – możesz przenosić go w inne miejsce w zależności od potrzeb. Generator to urządzenie łatwe w obsłudze.'),
('Myjka ciśnieniowa C5 indukcyjna', 4, 3, 700.00, 100, 'Myjka ciśnieniowa C5 indukcja jest wysokiej jakości urządzeniem czyszczącym. Myjka jest bardzo praktyczna i wygodna w użytkowaniu. Urządzenie zostało wyposażone we wszystkie elementy niezbędne do skutecznego czyszczenia. Wąż wysokociśnieniowy i poręczny pistolet zapewniają ośmiometrowy promień roboczy. Składany uchwyt i kółka gwarantują komfort i swobodę pracy. Myjka idealnie nadaje się do regularnego stosowania. Dzięki wykorzystaniu silnika indukcyjnego chłodzonego wodą, myjka wyróżnia się zwiększoną żywotnością. To rozwiązanie nie tylko przyczynia się do niezawodności urządzenia – obniża także poziom głośności pracy. Myjka posiada też funkcję pobierania wody spoza sieci.'),
('Przecinarka do płytek', 4, 3, 400.00, 100, 'Przecinarka to funkcjonalne narzędzie do cięcia płytek, które znacznie ułatwia wykładanie ścian i podłóg materiałem ceramicznym. Jej prowadnice zostały wykonane z płaskownika stalowego, a podstawa narzędzia została dodatkowo wzmocniona kątownikiem i teownikiem, przez co narzędzie jest wytrzymałe i zapewnia stabilność podczas cięcia. Dzięki amortyzowanemu stołowi łamane płytki są zabezpieczone przed kruszeniem się, a ich krawędzie są równe. Narzędzie posiada również łatwą do ustawienia regulację wysokości, na której pracuje gilotyna. Przecinarka wyposażona w kątownik umożliwia precyzyjną regulację kąta cięcia. Dostępne są również inne modele przecinarki, które będą sprawdzały się podczas obróbki płytek o mniejszych formatach.'),
('Odkurzacz przemysłowy 1600 W', 4, 3, 1500.00, 100, 'Jeśli masz trudności z doczyszczeniem przestrzeni zwykłym odkurzaczem, warto zastanowić się nad profesjonalnym urządzeniem, który poradzi sobie nawet z ciężkimi zabrudzeniami. Odkurzacz przemysłowy to sprzęt, który znajdzie swoje zastosowanie przy usuwaniu szczególnie trudnego rodzaju zanieczyszczeń. Technologia dwóch kaset filtrujących umożliwia otrząsanie jednego z filtrów, podczas ciągłej pracy drugiego. Dzięki temu zaoszczędzisz czas i koszt pracy. Urządzenie umożliwia pracę z pyłami bez konieczności montaży worków. Odkurzacz przemysłowy wyposażony jest w funkcję pracy na mokro, podczas której nie musisz demontować filtrów. To urządzenie zaprojektowane do nieprzerywanej, wymagającej pracy.'),
('Wiertnica do betonu 2000 W', 4, 3, 2500.00, 100, 'Uniwersalna wiertnica diamentowa do pracy ze statywem lub z ręki. Wiertnica ma moc 2200W i pracuje z prędkością 0-1200 obr/min. Umożliwia wiercenie otworów w bardzo szerokim zakresie, wynoszącym od 30mm do 180mm. Maszynę wyposażono w sprzęgło, które dzięki płynnej pracy nie powoduje szarpnięć urządzenia podczas wycinania otworów w żelbecie. Uchwyt wiertła o średnicy 1 1/4" cala jest standardowym uchwytem, pasującym do wszystkich wierteł dostępnych na rynku. W komplecie z urządzeniem dołączony jest statyw wyposażony w przekładnię, dzięki któremu wiercenie w twardych materiałach jak granit czy beton, nie wymaga użycia siły.'),
('Drabina teleskopowa 5 m', 4, 3, 1000.00, 100, 'Szukasz kompaktowego, lekkiego, łatwego w transporcie i absolutnie uniwersalnego narzędzia do pracy na wysokości? Drabina teleskopowa z łatwością spełni wszystkie Twoje oczekiwania. Nowoczesna konstrukcja składająca się z aluminiowych rur o różnej średnicy umożliwia złożenie drabiny do niewiarygodnie wręcz małych rozmiarów. Elegancki, czarny pokrowiec ułatwi transport i przechowywanie Twojej nowej maszyny. Od dzisiaj nie musisz posiadać warsztatu, komórki ani nawet piwnicy. Nie potrzebujesz specjalnych uchwytów do transportu drabiny - wsuniesz ją pod łóżko, schowasz do szafy lub zostawisz w bagażniku swojego samochodu, a w razie potrzeby po prostu spakujesz ją w pokrowiec i przeniesiesz w miejsce pracy. ');

-- Przykładowe zamówienia
INSERT INTO zamowienia (zamowienie_id, uzytkownik_id, odbiorca_imie, odbiorca_nazwisko, odbiorca_email, adres, data_zamowienia, status) VALUES (1, 3, 'Ewa', 'Wiśniewska', 'ewa.w@example.com', '55-555, Kraków, ul. Lipowa 12', '2024-12-02', 'Dostarczone');
INSERT INTO zamowienia (zamowienie_id, uzytkownik_id, odbiorca_imie, odbiorca_nazwisko, odbiorca_email, adres, data_zamowienia, status) VALUES (2, 3, 'Ewa', 'Wiśniewska', 'ewa.w@example.com', 'Odbiór osobisty w sklepie', '2024-12-04', 'Dostarczone');
INSERT INTO zamowienia (zamowienie_id, uzytkownik_id, odbiorca_imie, odbiorca_nazwisko, odbiorca_email, adres, data_zamowienia, status) VALUES (3, 4, 'Piotr', 'Zieliński', 'piotr.z@example.com', '55-555, Warszawa, ul. Wiślana 3', '2024-12-10', 'Dostarczone');
INSERT INTO zamowienia (zamowienie_id, uzytkownik_id, odbiorca_imie, odbiorca_nazwisko, odbiorca_email, adres, data_zamowienia, status) VALUES (4, 4, 'Marek', 'Kowalski', 'marek.k@example.com', 'Odbiór osobisty w sklepie', '2024-12-12', 'Dostarczone');
INSERT INTO zamowienia (zamowienie_id, uzytkownik_id, odbiorca_imie, odbiorca_nazwisko, odbiorca_email, adres, data_zamowienia, status) VALUES (5, NULL, 'Katarzyna', 'Wiśniewska', 'katarzyna.w@example.com', '55-555, Gdańsk, ul. Świerkowa 14', '2024-12-21', 'Opłacone');
INSERT INTO zamowienia (zamowienie_id, uzytkownik_id, odbiorca_imie, odbiorca_nazwisko, odbiorca_email, adres, data_zamowienia, status) VALUES (6, NULL, 'Paweł', 'Nowicki', 'pawel.n@example.com', '55-555, Wrocław, ul. Dębowa 7', '2024-12-26', 'Opłacone');
INSERT INTO zamowienia (zamowienie_id, uzytkownik_id, odbiorca_imie, odbiorca_nazwisko, odbiorca_email, adres, data_zamowienia, status) VALUES (7, 5, 'Karolina', 'Kowalczyk', 'karolina.k@example.com', '55-555, Katowice, ul. Jasna 15', '2024-12-29', 'Opłacone');
INSERT INTO zamowienia (zamowienie_id, uzytkownik_id, odbiorca_imie, odbiorca_nazwisko, odbiorca_email, adres, data_zamowienia, status) VALUES (8, 5, 'Karolina', 'Kowalczyk', 'karolina.k@example.com', 'Odbiór osobisty w sklepie', '2025-01-05', 'Opłacone');
INSERT INTO zamowienia (zamowienie_id, uzytkownik_id, odbiorca_imie, odbiorca_nazwisko, odbiorca_email, adres, data_zamowienia, status) VALUES (9, 6, 'Tomasz', 'Lis', 'tomasz.l@example.com', '55-555, Lublin, ul. Słoneczna 20', '2024-01-07', 'Opłacone');
INSERT INTO zamowienia (zamowienie_id, uzytkownik_id, odbiorca_imie, odbiorca_nazwisko, odbiorca_email, adres, data_zamowienia, status) VALUES (10, 6, 'Tomasz', 'Lis', 'tomasz.l@example.com', 'Odbiór osobisty w sklepie', '2024-01-11', 'Opłacone');

INSERT INTO pozycje_zamowien (pozycja_id, zamowienie_id, produkt_id, ilosc, cena_za_sztuke) VALUES (1, 1, 1, 2, 21.00);
INSERT INTO pozycje_zamowien (pozycja_id, zamowienie_id, produkt_id, ilosc, cena_za_sztuke) VALUES (2, 1, 2, 1, 25.00);
INSERT INTO pozycje_zamowien (pozycja_id, zamowienie_id, produkt_id, ilosc, cena_za_sztuke) VALUES (3, 2, 3, 1, 40.00);
INSERT INTO pozycje_zamowien (pozycja_id, zamowienie_id, produkt_id, ilosc, cena_za_sztuke) VALUES (4, 3, 2, 3, 25.00);
INSERT INTO pozycje_zamowien (pozycja_id, zamowienie_id, produkt_id, ilosc, cena_za_sztuke) VALUES (5, 4, 23, 4, 5.00);
INSERT INTO pozycje_zamowien (pozycja_id, zamowienie_id, produkt_id, ilosc, cena_za_sztuke) VALUES (6, 5, 26, 2, 8.00);
INSERT INTO pozycje_zamowien (pozycja_id, zamowienie_id, produkt_id, ilosc, cena_za_sztuke) VALUES (7, 6, 80, 1, 1000.00);
INSERT INTO pozycje_zamowien (pozycja_id, zamowienie_id, produkt_id, ilosc, cena_za_sztuke) VALUES (8, 7, 66, 4, 10.00);
INSERT INTO pozycje_zamowien (pozycja_id, zamowienie_id, produkt_id, ilosc, cena_za_sztuke) VALUES (9, 7, 69, 2, 30.00);
INSERT INTO pozycje_zamowien (pozycja_id, zamowienie_id, produkt_id, ilosc, cena_za_sztuke) VALUES (10, 8, 76, 1, 700.00);
INSERT INTO pozycje_zamowien (pozycja_id, zamowienie_id, produkt_id, ilosc, cena_za_sztuke) VALUES (11, 9, 50, 2, 270.00);
INSERT INTO pozycje_zamowien (pozycja_id, zamowienie_id, produkt_id, ilosc, cena_za_sztuke) VALUES (12, 9, 51, 1, 30.00);
INSERT INTO pozycje_zamowien (pozycja_id, zamowienie_id, produkt_id, ilosc, cena_za_sztuke) VALUES (13, 10, 59, 3, 80.00);
